sep=,
"id","booking_id","customer_id","listing_id","status","booking_created_at","checkin_date","checkout_date","nights","lead_time_days","guests_adults","guests_children","guests_infants","price_nightly","cleaning_fee","total_amount","currency","country_code","city","channel","device_type","cancellation_ts","cancellation_reason","updated_at","_rid","_self","_etag","_attachments","_ts"
"f1f7054d-7da4-4e6c-94e4-63445989e88f","f1f7054d-7da4-4e6c-94e4-63445989e88f","34","108091","Confirmed","2025-07-18T06:18:00+00:00","2025-08-24","2025-08-29","5","37","2","1","0","146.4","77.33","809.33","GBP","AUS","Sydney","app","Android",,,"2026-01-18T23:53:33.731393+00:00","pxwaAIjkgKABAAAAAAAAAA==","dbs/pxwaAA==/colls/pxwaAIjkgKA=/docs/pxwaAIjkgKABAAAAAAAAAA==/","""0100f12f-0000-0800-0000-696d727e0000""","attachments/","1768780414"
"92abc589-d534-4503-8cd0-d422f8139fdd","92abc589-d534-4503-8cd0-d422f8139fdd","89","429580","Confirmed","2025-08-08T11:57:00+00:00","2025-08-30","2025-09-01","2","22","1","0","0","252.98","67.3","573.26","GBP","USA","New York","web","iOS",,,"2026-01-18T23:53:33.851749+00:00","pxwaAIjkgKACAAAAAAAAAA==","dbs/pxwaAA==/colls/pxwaAIjkgKA=/docs/pxwaAIjkgKACAAAAAAAAAA==/","""0100f22f-0000-0800-0000-696d727e0000""","attachments/","1768780414"
"4c75b32c-1622-41dc-ae5e-2fff904334bc","4c75b32c-1622-41dc-ae5e-2fff904334bc","86","268455","Confirmed","2025-05-22T16:28:00+00:00","2025-06-09","2025-06-12","3","18","2","0","0","104.67","62.06","376.07","USD","IND","Mumbai","web","iOS",,,"2026-01-18T23:53:33.959167+00:00","pxwaAIjkgKADAAAAAAAAAA==","dbs/pxwaAA==/colls/pxwaAIjkgKA=/docs/pxwaAIjkgKADAAAAAAAAAA==/","""0100f32f-0000-0800-0000-696d727e0000""","attachments/","1768780414"
"41b862d1-f0ee-4084-b0c4-a712d24c283b","41b862d1-f0ee-4084-b0c4-a712d24c283b","61","768028","Confirmed","2025-07-25T19:45:00+00:00","2025-08-09","2025-08-13","4","15","1","0","0","217.23","40.16","909.08","JPY","UK","London","web","Android",,,"2026-01-18T23:53:34.066011+00:00","pxwaAIjkgKAEAAAAAAAAAA==","dbs/pxwaAA==/colls/pxwaAIjkgKA=/docs/pxwaAIjkgKAEAAAAAAAAAA==/","""0100f42f-0000-0800-0000-696d727e0000""","attachments/","1768780414"
"bb249137-31bd-49f4-9fb7-9f4a71128aa9","bb249137-31bd-49f4-9fb7-9f4a71128aa9","54","811160","Confirmed","2025-06-09T13:42:00+00:00","2025-07-05","2025-07-10","5","26","1","0","0","195.67","61.08","1039.43","USD","FRA","Paris","app","iOS",,,"2026-01-18T23:53:34.172342+00:00","pxwaAIjkgKAFAAAAAAAAAA==","dbs/pxwaAA==/colls/pxwaAIjkgKA=/docs/pxwaAIjkgKAFAAAAAAAAAA==/","""0100f52f-0000-0800-0000-696d727e0000""","attachments/","1768780414"
"43b0f967-f7e4-4356-9416-94867e4c33db","43b0f967-f7e4-4356-9416-94867e4c33db","18","573479","Confirmed","2025-08-10T15:13:00+00:00","2025-08-31","2025-09-04","4","21","1","0","0","173.44","36.34","730.1","AUD","JPN","Tokyo","app","Android",,,"2026-01-18T23:53:34.279746+00:00","pxwaAIjkgKAGAAAAAAAAAA==","dbs/pxwaAA==/colls/pxwaAIjkgKA=/docs/pxwaAIjkgKAGAAAAAAAAAA==/","""0100f62f-0000-0800-0000-696d727e0000""","attachments/","1768780414"
"1fc16274-2a4a-4f6d-95aa-03c90b396cf6","1fc16274-2a4a-4f6d-95aa-03c90b396cf6","37","607852","Confirmed","2025-08-27T21:12:00+00:00","2025-09-27","2025-10-05","8","31","2","0","0","144.35","52.48","1207.28","EUR","AUS","Sydney","app","Web",,,"2026-01-18T23:53:34.387537+00:00","pxwaAIjkgKAHAAAAAAAAAA==","dbs/pxwaAA==/colls/pxwaAIjkgKA=/docs/pxwaAIjkgKAHAAAAAAAAAA==/","""0100f72f-0000-0800-0000-696d727f0000""","attachments/","1768780415"
"c458fa45-4889-4cb3-8fce-90912592219b","c458fa45-4889-4cb3-8fce-90912592219b","77","576098","Confirmed","2025-04-07T19:50:00+00:00","2025-05-08","2025-05-11","3","31","2","1","0","150","56.35","506.35","AUD","UAE","Dubai","web","iOS",,,"2026-01-18T23:53:34.493561+00:00","pxwaAIjkgKAIAAAAAAAAAA==","dbs/pxwaAA==/colls/pxwaAIjkgKA=/docs/pxwaAIjkgKAIAAAAAAAAAA==/","""0100f92f-0000-0800-0000-696d727f0000""","attachments/","1768780415"
"e1338b58-8a79-4fc8-8828-503fef02507e","e1338b58-8a79-4fc8-8828-503fef02507e","45","703787","Confirmed","2025-03-06T15:50:00+00:00","2025-04-05","2025-04-07","2","30","1","0","0","169.92","33.92","373.76","USD","FRA","Paris","app","iOS",,,"2026-01-18T23:53:34.599447+00:00","pxwaAIjkgKAJAAAAAAAAAA==","dbs/pxwaAA==/colls/pxwaAIjkgKA=/docs/pxwaAIjkgKAJAAAAAAAAAA==/","""0100fa2f-0000-0800-0000-696d727f0000""","attachments/","1768780415"
"92c6f88c-ba2d-4990-9987-ad5848d53b2a","92c6f88c-ba2d-4990-9987-ad5848d53b2a","73","600180","Confirmed","2025-05-28T17:48:00+00:00","2025-06-24","2025-07-01","7","27","1","0","0","194.37","43.09","1403.68","INR","UAE","Dubai","web","Android",,,"2026-01-18T23:53:34.705710+00:00","pxwaAIjkgKAKAAAAAAAAAA==","dbs/pxwaAA==/colls/pxwaAIjkgKA=/docs/pxwaAIjkgKAKAAAAAAAAAA==/","""0100fb2f-0000-0800-0000-696d727f0000""","attachments/","1768780415"
"09a01b04-e21a-405a-9b8e-78fa1a8b634a","09a01b04-e21a-405a-9b8e-78fa1a8b634a","99","683229","Confirmed","2025-02-14T09:04:00+00:00","2025-03-16","2025-03-21","5","30","1","0","0","180","75.12","975.12","JPY","USA","New York","web","iOS",,,"2026-01-18T23:53:34.811985+00:00","pxwaAIjkgKALAAAAAAAAAA==","dbs/pxwaAA==/colls/pxwaAIjkgKA=/docs/pxwaAIjkgKALAAAAAAAAAA==/","""0100fd2f-0000-0800-0000-696d727f0000""","attachments/","1768780415"
"0e8ac2b2-254f-488b-9fae-ea538f1ccb11","0e8ac2b2-254f-488b-9fae-ea538f1ccb11","52","342588","Confirmed","2025-12-18T09:42:00+00:00","2026-01-22","2026-01-29","7","35","2","0","0","170","34.92","1224.92","EUR","UK","London","app","Web",,,"2026-01-18T23:53:34.918610+00:00","pxwaAIjkgKAMAAAAAAAAAA==","dbs/pxwaAA==/colls/pxwaAIjkgKA=/docs/pxwaAIjkgKAMAAAAAAAAAA==/","""0100fe2f-0000-0800-0000-696d727f0000""","attachments/","1768780415"
"b8b77fcc-9f27-4ae7-9c63-487f0174d15d","b8b77fcc-9f27-4ae7-9c63-487f0174d15d","70","781123","Confirmed","2025-07-27T07:23:00+00:00","2025-08-21","2025-08-26","5","25","1","0","0","167.41","41.4","878.45","GBP","AUS","Sydney","app","Web",,,"2026-01-18T23:53:35.026042+00:00","pxwaAIjkgKANAAAAAAAAAA==","dbs/pxwaAA==/colls/pxwaAIjkgKA=/docs/pxwaAIjkgKANAAAAAAAAAA==/","""0100ff2f-0000-0800-0000-696d727f0000""","attachments/","1768780415"
"bd98c263-379d-4ea6-8409-bdc3fbf3e396","bd98c263-379d-4ea6-8409-bdc3fbf3e396","84","951223","Confirmed","2025-07-15T19:08:00+00:00","2025-08-14","2025-08-17","3","30","1","1","0","183.8","38.54","589.94","USD","UAE","Dubai","app","iOS",,,"2026-01-18T23:53:35.133157+00:00","pxwaAIjkgKAOAAAAAAAAAA==","dbs/pxwaAA==/colls/pxwaAIjkgKA=/docs/pxwaAIjkgKAOAAAAAAAAAA==/","""01000030-0000-0800-0000-696d727f0000""","attachments/","1768780415"
"feb979eb-e9e1-4878-973f-a06ccf86087f","feb979eb-e9e1-4878-973f-a06ccf86087f","90","807121","Confirmed","2025-12-06T06:10:00+00:00","2026-01-02","2026-01-09","7","27","1","0","0","100","75.22","775.22","AUD","IND","Mumbai","app","Android",,,"2026-01-18T23:53:35.239571+00:00","pxwaAIjkgKAPAAAAAAAAAA==","dbs/pxwaAA==/colls/pxwaAIjkgKA=/docs/pxwaAIjkgKAPAAAAAAAAAA==/","""01000130-0000-0800-0000-696d727f0000""","attachments/","1768780415"
"6553131c-44f7-4285-9bf1-530706deaaf9","6553131c-44f7-4285-9bf1-530706deaaf9","23","653772","Confirmed","2025-04-07T08:24:00+00:00","2025-05-05","2025-05-14","9","28","1","0","0","160","50.44","1490.44","EUR","FRA","Paris","web","iOS",,,"2026-01-18T23:53:35.346657+00:00","pxwaAIjkgKAQAAAAAAAAAA==","dbs/pxwaAA==/colls/pxwaAIjkgKA=/docs/pxwaAIjkgKAQAAAAAAAAAA==/","""01000230-0000-0800-0000-696d72800000""","attachments/","1768780416"
"8a61335f-e5d9-4313-9527-df3e0312bf90","8a61335f-e5d9-4313-9527-df3e0312bf90","45","562063","Confirmed","2025-12-08T10:42:00+00:00","2025-12-29","2026-01-03","5","21","1","0","0","176.17","40.07","920.92","GBP","UAE","Dubai","app","Android",,,"2026-01-18T23:53:35.452317+00:00","pxwaAIjkgKARAAAAAAAAAA==","dbs/pxwaAA==/colls/pxwaAIjkgKA=/docs/pxwaAIjkgKARAAAAAAAAAA==/","""01000430-0000-0800-0000-696d72800000""","attachments/","1768780416"
"516dcbd9-3b35-470b-991b-e59f927b434f","516dcbd9-3b35-470b-991b-e59f927b434f","62","901110","Confirmed","2025-07-17T07:55:00+00:00","2025-08-25","2025-09-02","8","39","1","0","0","160.94","44.31","1331.83","AUD","JPN","Tokyo","web","iOS",,,"2026-01-18T23:53:35.558109+00:00","pxwaAIjkgKASAAAAAAAAAA==","dbs/pxwaAA==/colls/pxwaAIjkgKA=/docs/pxwaAIjkgKASAAAAAAAAAA==/","""01000530-0000-0800-0000-696d72800000""","attachments/","1768780416"
"51c7180e-38f1-4ed1-bf41-ebce40fbcddb","51c7180e-38f1-4ed1-bf41-ebce40fbcddb","89","399782","Confirmed","2025-12-23T22:26:00+00:00","2026-01-20","2026-01-30","10","28","2","1","1","160","70.87","1670.87","JPY","FRA","Paris","app","Web",,,"2026-01-18T23:53:35.664076+00:00","pxwaAIjkgKATAAAAAAAAAA==","dbs/pxwaAA==/colls/pxwaAIjkgKA=/docs/pxwaAIjkgKATAAAAAAAAAA==/","""01000630-0000-0800-0000-696d72800000""","attachments/","1768780416"
"e769585d-103f-4875-b05a-4c41f920f6bf","e769585d-103f-4875-b05a-4c41f920f6bf","17","521733","Confirmed","2025-07-17T08:42:00+00:00","2025-08-13","2025-08-19","6","27","1","0","1","101.79","43.15","653.89","USD","IND","Mumbai","app","iOS",,,"2026-01-18T23:53:35.770278+00:00","pxwaAIjkgKAUAAAAAAAAAA==","dbs/pxwaAA==/colls/pxwaAIjkgKA=/docs/pxwaAIjkgKAUAAAAAAAAAA==/","""01000730-0000-0800-0000-696d72800000""","attachments/","1768780416"
"10141ccd-6ab1-4b05-8132-c0b677e82a5e","10141ccd-6ab1-4b05-8132-c0b677e82a5e","53","363371","Confirmed","2025-07-15T14:50:00+00:00","2025-08-08","2025-08-09","1","24","1","0","0","166.29","40.94","207.23","EUR","AUS","Sydney","web","Android",,,"2026-01-18T23:53:35.876963+00:00","pxwaAIjkgKAVAAAAAAAAAA==","dbs/pxwaAA==/colls/pxwaAIjkgKA=/docs/pxwaAIjkgKAVAAAAAAAAAA==/","""01000830-0000-0800-0000-696d72800000""","attachments/","1768780416"
"6af8c8ad-c320-4f74-a530-e8219747b9b4","6af8c8ad-c320-4f74-a530-e8219747b9b4","90","445837","Confirmed","2025-04-23T19:31:00+00:00","2025-05-19","2025-05-22","3","26","2","0","0","140","52.7","472.7","USD","JPN","Tokyo","app","Web",,,"2026-01-18T23:53:35.982840+00:00","pxwaAIjkgKAWAAAAAAAAAA==","dbs/pxwaAA==/colls/pxwaAIjkgKA=/docs/pxwaAIjkgKAWAAAAAAAAAA==/","""01000930-0000-0800-0000-696d72800000""","attachments/","1768780416"
"57e13e8b-fb44-4c6a-b712-7cd5fac3c912","57e13e8b-fb44-4c6a-b712-7cd5fac3c912","29","222160","Confirmed","2025-06-25T21:57:00+00:00","2025-07-13","2025-07-17","4","18","1","0","0","193.33","22.05","795.37","GBP","UK","London","app","Web",,,"2026-01-18T23:53:36.090011+00:00","pxwaAIjkgKAXAAAAAAAAAA==","dbs/pxwaAA==/colls/pxwaAIjkgKA=/docs/pxwaAIjkgKAXAAAAAAAAAA==/","""01000b30-0000-0800-0000-696d72800000""","attachments/","1768780416"
"2df1559e-c3dd-4b73-bc23-acbf20dc88c0","2df1559e-c3dd-4b73-bc23-acbf20dc88c0","77","984235","Confirmed","2025-06-11T15:39:00+00:00","2025-07-02","2025-07-10","8","21","2","0","0","157.3","43.96","1302.36","INR","AUS","Sydney","app","iOS",,,"2026-01-18T23:53:36.195922+00:00","pxwaAIjkgKAYAAAAAAAAAA==","dbs/pxwaAA==/colls/pxwaAIjkgKA=/docs/pxwaAIjkgKAYAAAAAAAAAA==/","""01000c30-0000-0800-0000-696d72800000""","attachments/","1768780416"
"cb9b736e-93c9-459e-8cd5-7bbb975a18f3","cb9b736e-93c9-459e-8cd5-7bbb975a18f3","41","132748","Confirmed","2025-12-06T11:51:00+00:00","2025-12-22","2026-01-01","10","16","2","1","0","201.4","53.2","2067.2","JPY","USA","New York","app","Android",,,"2026-01-18T23:53:36.301739+00:00","pxwaAIjkgKAZAAAAAAAAAA==","dbs/pxwaAA==/colls/pxwaAIjkgKA=/docs/pxwaAIjkgKAZAAAAAAAAAA==/","""01000d30-0000-0800-0000-696d72810000""","attachments/","1768780417"
"211ee49d-b098-46af-9044-924087970bc5","211ee49d-b098-46af-9044-924087970bc5","94","354838","Confirmed","2025-12-02T21:55:00+00:00","2026-01-04","2026-01-10","6","33","1","0","0","170","50.43","1070.43","INR","UK","London","app","iOS",,,"2026-01-18T23:53:36.408752+00:00","pxwaAIjkgKAaAAAAAAAAAA==","dbs/pxwaAA==/colls/pxwaAIjkgKA=/docs/pxwaAIjkgKAaAAAAAAAAAA==/","""01000e30-0000-0800-0000-696d72810000""","attachments/","1768780417"
"5eb267f0-eef8-42b1-bede-e5c521a41ddd","5eb267f0-eef8-42b1-bede-e5c521a41ddd","91","627547","Confirmed","2025-04-23T06:46:00+00:00","2025-05-11","2025-05-16","5","18","1","0","0","90","47.58","497.58","GBP","IND","Mumbai","app","Android",,,"2026-01-18T23:53:36.513806+00:00","pxwaAIjkgKAbAAAAAAAAAA==","dbs/pxwaAA==/colls/pxwaAIjkgKA=/docs/pxwaAIjkgKAbAAAAAAAAAA==/","""01000f30-0000-0800-0000-696d72810000""","attachments/","1768780417"
"183ed32b-a525-4666-87b0-387c83c9c5f0","183ed32b-a525-4666-87b0-387c83c9c5f0","55","967271","Confirmed","2025-03-26T09:39:00+00:00","2025-04-14","2025-04-19","5","19","2","0","0","90","44.23","494.23","AUD","IND","Mumbai","app","iOS",,,"2026-01-18T23:53:36.619166+00:00","pxwaAIjkgKAcAAAAAAAAAA==","dbs/pxwaAA==/colls/pxwaAIjkgKA=/docs/pxwaAIjkgKAcAAAAAAAAAA==/","""01001030-0000-0800-0000-696d72810000""","attachments/","1768780417"
"cddb09cc-3dda-4156-affb-800c11dd331f","cddb09cc-3dda-4156-affb-800c11dd331f","26","498367","Confirmed","2025-08-20T18:27:00+00:00","2025-09-20","2025-09-27","7","31","2","0","0","142.69","66.37","1065.2","EUR","AUS","Sydney","web","iOS",,,"2026-01-18T23:53:36.726363+00:00","pxwaAIjkgKAdAAAAAAAAAA==","dbs/pxwaAA==/colls/pxwaAIjkgKA=/docs/pxwaAIjkgKAdAAAAAAAAAA==/","""01001130-0000-0800-0000-696d72810000""","attachments/","1768780417"
"8423163e-5004-4c76-a967-adfd3701369b","8423163e-5004-4c76-a967-adfd3701369b","53","561056","Confirmed","2025-08-10T18:26:00+00:00","2025-09-12","2025-09-25","13","33","2","0","0","168.96","75.6","2272.08","EUR","UAE","Dubai","app","Web",,,"2026-01-18T23:53:36.832606+00:00","pxwaAIjkgKAeAAAAAAAAAA==","dbs/pxwaAA==/colls/pxwaAIjkgKA=/docs/pxwaAIjkgKAeAAAAAAAAAA==/","""01001330-0000-0800-0000-696d72810000""","attachments/","1768780417"
"54e265a3-b913-4201-ad9d-7c6b57fa18b3","54e265a3-b913-4201-ad9d-7c6b57fa18b3","35","361266","Confirmed","2025-12-25T17:05:00+00:00","2026-01-31","2026-02-07","7","37","1","1","0","146.89","79.66","1107.89","EUR","AUS","Sydney","web","iOS",,,"2026-01-18T23:53:36.938099+00:00","pxwaAIjkgKAfAAAAAAAAAA==","dbs/pxwaAA==/colls/pxwaAIjkgKA=/docs/pxwaAIjkgKAfAAAAAAAAAA==/","""01001430-0000-0800-0000-696d72810000""","attachments/","1768780417"
"f13fa852-79f2-4ff7-a762-1d200b5e9a7d","f13fa852-79f2-4ff7-a762-1d200b5e9a7d","64","638782","Confirmed","2025-08-14T20:59:00+00:00","2025-08-24","2025-08-26","2","10","1","0","0","165.95","49.97","381.87","AUD","AUS","Sydney","app","Android",,,"2026-01-18T23:53:37.048072+00:00","pxwaAIjkgKAgAAAAAAAAAA==","dbs/pxwaAA==/colls/pxwaAIjkgKA=/docs/pxwaAIjkgKAgAAAAAAAAAA==/","""01001530-0000-0800-0000-696d72810000""","attachments/","1768780417"
"41aaa745-bafc-48a8-841d-917933be02da","41aaa745-bafc-48a8-841d-917933be02da","19","890549","Confirmed","2025-03-02T12:54:00+00:00","2025-03-11","2025-03-21","10","9","2","0","0","180","64.08","1864.08","JPY","USA","New York","app","Web",,,"2026-01-18T23:53:37.153861+00:00","pxwaAIjkgKAhAAAAAAAAAA==","dbs/pxwaAA==/colls/pxwaAIjkgKA=/docs/pxwaAIjkgKAhAAAAAAAAAA==/","""01001630-0000-0800-0000-696d72810000""","attachments/","1768780417"
"853d40b4-92bd-4a8e-bc5d-b3f8ecf635a5","853d40b4-92bd-4a8e-bc5d-b3f8ecf635a5","33","808429","Confirmed","2025-02-10T07:56:00+00:00","2025-02-28","2025-03-01","1","18","1","0","0","197.59","54.95","252.54","EUR","USA","New York","app","Android",,,"2026-01-18T23:53:37.258906+00:00","pxwaAIjkgKAiAAAAAAAAAA==","dbs/pxwaAA==/colls/pxwaAIjkgKA=/docs/pxwaAIjkgKAiAAAAAAAAAA==/","""01001730-0000-0800-0000-696d72810000""","attachments/","1768780417"
"8bebfcad-2655-44db-8414-f7dfa50b67f9","8bebfcad-2655-44db-8414-f7dfa50b67f9","92","299638","Confirmed","2025-06-28T08:09:00+00:00","2025-08-03","2025-08-11","8","36","1","0","0","102.48","61.53","881.37","AED","IND","Mumbai","web","Android",,,"2026-01-18T23:53:37.369984+00:00","pxwaAIjkgKAjAAAAAAAAAA==","dbs/pxwaAA==/colls/pxwaAIjkgKA=/docs/pxwaAIjkgKAjAAAAAAAAAA==/","""01001830-0000-0800-0000-696d72820000""","attachments/","1768780418"
"3f7cc242-d175-46ad-9404-f1a7b72de1d3","3f7cc242-d175-46ad-9404-f1a7b72de1d3","99","156530","Confirmed","2025-12-14T17:46:00+00:00","2025-12-30","2026-01-06","7","16","2","0","0","158.01","56.3","1162.37","GBP","JPN","Tokyo","app","Android",,,"2026-01-18T23:53:37.476848+00:00","pxwaAIjkgKAkAAAAAAAAAA==","dbs/pxwaAA==/colls/pxwaAIjkgKA=/docs/pxwaAIjkgKAkAAAAAAAAAA==/","""01001930-0000-0800-0000-696d72820000""","attachments/","1768780418"
"d5e91339-7508-4f5e-a74f-06255eccc6ae","d5e91339-7508-4f5e-a74f-06255eccc6ae","100","232354","Confirmed","2025-08-19T19:53:00+00:00","2025-09-21","2025-09-26","5","33","1","0","0","150","78.98","828.98","AUD","UAE","Dubai","app","iOS",,,"2026-01-18T23:53:37.583201+00:00","pxwaAIjkgKAlAAAAAAAAAA==","dbs/pxwaAA==/colls/pxwaAIjkgKA=/docs/pxwaAIjkgKAlAAAAAAAAAA==/","""01001a30-0000-0800-0000-696d72820000""","attachments/","1768780418"
"6a7f44d7-74e4-4d82-a1d6-91c558137719","6a7f44d7-74e4-4d82-a1d6-91c558137719","80","312532","Confirmed","2025-12-05T16:31:00+00:00","2026-01-03","2026-01-05","2","29","2","0","0","99.33","74.62","273.28","JPY","IND","Mumbai","app","iOS",,,"2026-01-18T23:53:37.688119+00:00","pxwaAIjkgKAmAAAAAAAAAA==","dbs/pxwaAA==/colls/pxwaAIjkgKA=/docs/pxwaAIjkgKAmAAAAAAAAAA==/","""01001b30-0000-0800-0000-696d72820000""","attachments/","1768780418"
"50513b71-07e3-4572-8a13-5949072a9f3d","50513b71-07e3-4572-8a13-5949072a9f3d","87","366841","Confirmed","2025-05-12T16:45:00+00:00","2025-06-17","2025-06-20","3","36","1","0","0","203.81","45.53","656.96","JPY","FRA","Paris","app","iOS",,,"2026-01-18T23:53:37.796491+00:00","pxwaAIjkgKAnAAAAAAAAAA==","dbs/pxwaAA==/colls/pxwaAIjkgKA=/docs/pxwaAIjkgKAnAAAAAAAAAA==/","""01001c30-0000-0800-0000-696d72820000""","attachments/","1768780418"
"28e7eac4-b1aa-4484-bb9b-3448aadc6b59","28e7eac4-b1aa-4484-bb9b-3448aadc6b59","21","202766","Confirmed","2025-12-14T10:22:00+00:00","2026-01-21","2026-01-23","2","38","1","0","0","130","55.66","315.66","GBP","AUS","Sydney","app","Web",,,"2026-01-18T23:53:37.902227+00:00","pxwaAIjkgKAoAAAAAAAAAA==","dbs/pxwaAA==/colls/pxwaAIjkgKA=/docs/pxwaAIjkgKAoAAAAAAAAAA==/","""01001d30-0000-0800-0000-696d72820000""","attachments/","1768780418"
"3deb972e-5ec8-4077-9b19-8b907358e52e","3deb972e-5ec8-4077-9b19-8b907358e52e","60","585993","Confirmed","2025-05-18T12:12:00+00:00","2025-05-29","2025-06-06","8","11","1","0","0","140","60.74","1180.74","JPY","JPN","Tokyo","app","Web",,,"2026-01-18T23:53:38.007769+00:00","pxwaAIjkgKApAAAAAAAAAA==","dbs/pxwaAA==/colls/pxwaAIjkgKA=/docs/pxwaAIjkgKApAAAAAAAAAA==/","""01001e30-0000-0800-0000-696d72820000""","attachments/","1768780418"
"eab4547a-05a7-4cf4-9665-ed5bbfa82b4b","eab4547a-05a7-4cf4-9665-ed5bbfa82b4b","92","587859","Confirmed","2025-11-20T13:18:00+00:00","2025-12-08","2025-12-11","3","18","2","0","0","182.83","43.18","591.67","AED","UAE","Dubai","app","iOS",,,"2026-01-18T23:53:38.111773+00:00","pxwaAIjkgKAqAAAAAAAAAA==","dbs/pxwaAA==/colls/pxwaAIjkgKA=/docs/pxwaAIjkgKAqAAAAAAAAAA==/","""01001f30-0000-0800-0000-696d72820000""","attachments/","1768780418"
"c254b0ce-4f22-4686-b748-230ad8e6c1e9","c254b0ce-4f22-4686-b748-230ad8e6c1e9","87","734853","Confirmed","2025-06-17T19:50:00+00:00","2025-07-19","2025-07-24","5","32","1","0","0","257.46","51.79","1339.09","AUD","USA","New York","app","iOS",,,"2026-01-18T23:53:38.221983+00:00","pxwaAIjkgKArAAAAAAAAAA==","dbs/pxwaAA==/colls/pxwaAIjkgKA=/docs/pxwaAIjkgKArAAAAAAAAAA==/","""01002030-0000-0800-0000-696d72820000""","attachments/","1768780418"
"dc6cc7c8-ef80-47af-b89c-c9c15fd896d1","dc6cc7c8-ef80-47af-b89c-c9c15fd896d1","93","910999","Confirmed","2025-06-17T10:45:00+00:00","2025-07-12","2025-07-15","3","25","2","0","0","119.05","49.76","406.91","JPY","IND","Mumbai","app","iOS",,,"2026-01-18T23:53:38.329291+00:00","pxwaAIjkgKAsAAAAAAAAAA==","dbs/pxwaAA==/colls/pxwaAIjkgKA=/docs/pxwaAIjkgKAsAAAAAAAAAA==/","""01002130-0000-0800-0000-696d72830000""","attachments/","1768780419"
"8761757d-ec56-4a57-84e0-428e97e16cca","8761757d-ec56-4a57-84e0-428e97e16cca","77","843325","Confirmed","2025-08-06T15:16:00+00:00","2025-09-01","2025-09-12","11","26","1","0","0","150","58.25","1708.25","GBP","UAE","Dubai","partner","Web",,,"2026-01-18T23:53:38.436201+00:00","pxwaAIjkgKAtAAAAAAAAAA==","dbs/pxwaAA==/colls/pxwaAIjkgKA=/docs/pxwaAIjkgKAtAAAAAAAAAA==/","""01002230-0000-0800-0000-696d72830000""","attachments/","1768780419"
"5920de91-8621-4da1-a7c0-032a9a3aa14a","5920de91-8621-4da1-a7c0-032a9a3aa14a","67","611659","Confirmed","2025-04-24T14:37:00+00:00","2025-05-24","2025-05-28","4","30","2","0","0","160.88","20.78","664.3","AUD","JPN","Tokyo","app","iOS",,,"2026-01-18T23:53:38.543412+00:00","pxwaAIjkgKAuAAAAAAAAAA==","dbs/pxwaAA==/colls/pxwaAIjkgKA=/docs/pxwaAIjkgKAuAAAAAAAAAA==/","""01002330-0000-0800-0000-696d72830000""","attachments/","1768780419"
"5b441407-a735-451e-8fcc-f5c1779ee810","5b441407-a735-451e-8fcc-f5c1779ee810","62","170555","Confirmed","2025-08-25T09:30:00+00:00","2025-09-15","2025-09-18","3","21","1","0","0","170","47.21","557.21","AED","UK","London","web","Android",,,"2026-01-18T23:53:38.649210+00:00","pxwaAIjkgKAvAAAAAAAAAA==","dbs/pxwaAA==/colls/pxwaAIjkgKA=/docs/pxwaAIjkgKAvAAAAAAAAAA==/","""01002430-0000-0800-0000-696d72830000""","attachments/","1768780419"
"bf1291e2-2bb4-4f6d-8c40-c920bfad11bc","bf1291e2-2bb4-4f6d-8c40-c920bfad11bc","47","427300","Confirmed","2025-07-05T17:50:00+00:00","2025-07-31","2025-08-03","3","26","2","0","0","154.07","45.14","507.35","AUD","JPN","Tokyo","app","Web",,,"2026-01-18T23:53:38.755617+00:00","pxwaAIjkgKAwAAAAAAAAAA==","dbs/pxwaAA==/colls/pxwaAIjkgKA=/docs/pxwaAIjkgKAwAAAAAAAAAA==/","""01002730-0000-0800-0000-696d72830000""","attachments/","1768780419"
"4822676f-1750-446f-9f37-0a027ae3e0d3","4822676f-1750-446f-9f37-0a027ae3e0d3","79","843437","Confirmed","2025-06-07T11:00:00+00:00","2025-07-11","2025-07-22","11","34","2","0","0","124.57","34.99","1405.26","USD","IND","Mumbai","app","Web",,,"2026-01-18T23:53:38.861794+00:00","pxwaAIjkgKAxAAAAAAAAAA==","dbs/pxwaAA==/colls/pxwaAIjkgKA=/docs/pxwaAIjkgKAxAAAAAAAAAA==/","""01002830-0000-0800-0000-696d72830000""","attachments/","1768780419"
"373ec423-5ba3-4969-90a5-075b6c73c4d2","373ec423-5ba3-4969-90a5-075b6c73c4d2","52","109098","Confirmed","2025-08-03T06:24:00+00:00","2025-08-31","2025-09-04","4","28","2","1","0","188.87","59.76","815.24","AUD","UK","London","web","iOS",,,"2026-01-18T23:53:38.967022+00:00","pxwaAIjkgKAyAAAAAAAAAA==","dbs/pxwaAA==/colls/pxwaAIjkgKA=/docs/pxwaAIjkgKAyAAAAAAAAAA==/","""01002930-0000-0800-0000-696d72830000""","attachments/","1768780419"
"b7de36e6-eb55-496e-9e79-4b7f069e655e","b7de36e6-eb55-496e-9e79-4b7f069e655e","86","907840","Confirmed","2025-07-02T06:21:00+00:00","2025-07-19","2025-07-23","4","17","2","0","0","182.99","77.81","809.77","AED","JPN","Tokyo","web","iOS",,,"2026-01-18T23:53:39.072829+00:00","pxwaAIjkgKAzAAAAAAAAAA==","dbs/pxwaAA==/colls/pxwaAIjkgKA=/docs/pxwaAIjkgKAzAAAAAAAAAA==/","""01002a30-0000-0800-0000-696d72830000""","attachments/","1768780419"
"7b856569-2b07-4aa9-9fb6-957e0d135686","7b856569-2b07-4aa9-9fb6-957e0d135686","83","475562","Confirmed","2025-08-04T16:38:00+00:00","2025-09-09","2025-09-12","3","36","1","0","0","180","32.58","572.58","INR","USA","New York","app","Android",,,"2026-01-18T23:53:39.177946+00:00","pxwaAIjkgKA0AAAAAAAAAA==","dbs/pxwaAA==/colls/pxwaAIjkgKA=/docs/pxwaAIjkgKA0AAAAAAAAAA==/","""01002b30-0000-0800-0000-696d72830000""","attachments/","1768780419"
"971b9b86-0d71-4ece-879f-c8aa8034bd90","971b9b86-0d71-4ece-879f-c8aa8034bd90","89","995181","Confirmed","2025-02-11T14:28:00+00:00","2025-03-07","2025-03-13","6","24","2","0","0","156.56","35.6","974.96","AUD","JPN","Tokyo","app","Android",,,"2026-01-18T23:53:39.283503+00:00","pxwaAIjkgKA1AAAAAAAAAA==","dbs/pxwaAA==/colls/pxwaAIjkgKA=/docs/pxwaAIjkgKA1AAAAAAAAAA==/","""01002c30-0000-0800-0000-696d72830000""","attachments/","1768780419"
"75a2e753-ff6e-49f1-abe6-9504f5b4dbc2","75a2e753-ff6e-49f1-abe6-9504f5b4dbc2","48","516845","Confirmed","2025-02-12T22:34:00+00:00","2025-03-12","2025-03-17","5","28","2","0","0","180","56.84","956.84","EUR","USA","New York","app","iOS",,,"2026-01-18T23:53:39.388933+00:00","pxwaAIjkgKA2AAAAAAAAAA==","dbs/pxwaAA==/colls/pxwaAIjkgKA=/docs/pxwaAIjkgKA2AAAAAAAAAA==/","""01002d30-0000-0800-0000-696d72840000""","attachments/","1768780420"
"bfe632fc-436f-48cb-94f0-f79d489b0c49","bfe632fc-436f-48cb-94f0-f79d489b0c49","18","637521","Confirmed","2025-06-11T11:45:00+00:00","2025-07-07","2025-07-17","10","26","2","0","0","204.83","46.36","2094.66","AED","UK","London","web","Web",,,"2026-01-18T23:53:39.495572+00:00","pxwaAIjkgKA3AAAAAAAAAA==","dbs/pxwaAA==/colls/pxwaAIjkgKA=/docs/pxwaAIjkgKA3AAAAAAAAAA==/","""01002e30-0000-0800-0000-696d72840000""","attachments/","1768780420"
"bf948c91-9e38-48a2-8132-3b03816ae96c","bf948c91-9e38-48a2-8132-3b03816ae96c","1","571132","Confirmed","2025-08-18T08:47:00+00:00","2025-09-05","2025-09-09","4","18","2","0","0","139.47","35.63","593.51","AED","AUS","Sydney","app","Web",,,"2026-01-18T23:53:39.603377+00:00","pxwaAIjkgKA4AAAAAAAAAA==","dbs/pxwaAA==/colls/pxwaAIjkgKA=/docs/pxwaAIjkgKA4AAAAAAAAAA==/","""01002f30-0000-0800-0000-696d72840000""","attachments/","1768780420"
"e134dc3e-3adf-4b4a-8be9-cda881cadfb8","e134dc3e-3adf-4b4a-8be9-cda881cadfb8","62","348463","Confirmed","2025-01-17T20:06:00+00:00","2025-02-08","2025-02-15","7","22","1","1","0","179.52","31.06","1287.7","AUD","FRA","Paris","app","iOS",,,"2026-01-18T23:53:39.708912+00:00","pxwaAIjkgKA5AAAAAAAAAA==","dbs/pxwaAA==/colls/pxwaAIjkgKA=/docs/pxwaAIjkgKA5AAAAAAAAAA==/","""01003030-0000-0800-0000-696d72840000""","attachments/","1768780420"
"fec51abb-68c5-4ede-a33f-293c3bdcb6a9","fec51abb-68c5-4ede-a33f-293c3bdcb6a9","80","483696","Confirmed","2025-12-16T13:50:00+00:00","2026-01-18","2026-01-20","2","33","1","0","0","180","61.51","421.51","GBP","USA","New York","partner","iOS",,,"2026-01-18T23:53:39.814959+00:00","pxwaAIjkgKA6AAAAAAAAAA==","dbs/pxwaAA==/colls/pxwaAIjkgKA=/docs/pxwaAIjkgKA6AAAAAAAAAA==/","""01003230-0000-0800-0000-696d72840000""","attachments/","1768780420"
"a2f2c290-cbc2-41e0-abcc-d655d0930d6b","a2f2c290-cbc2-41e0-abcc-d655d0930d6b","37","136726","Confirmed","2025-07-22T09:34:00+00:00","2025-08-14","2025-08-20","6","23","2","0","0","175.66","51.83","1105.79","GBP","UAE","Dubai","app","Web",,,"2026-01-18T23:53:39.922151+00:00","pxwaAIjkgKA7AAAAAAAAAA==","dbs/pxwaAA==/colls/pxwaAIjkgKA=/docs/pxwaAIjkgKA7AAAAAAAAAA==/","""01003330-0000-0800-0000-696d72840000""","attachments/","1768780420"
"dfd682e4-59ac-4033-b034-5eaaf7a520ae","dfd682e4-59ac-4033-b034-5eaaf7a520ae","4","616979","Confirmed","2025-08-28T19:02:00+00:00","2025-09-11","2025-09-21","10","14","2","0","0","150","51.68","1551.68","AUD","UAE","Dubai","app","iOS",,,"2026-01-18T23:53:40.026948+00:00","pxwaAIjkgKA8AAAAAAAAAA==","dbs/pxwaAA==/colls/pxwaAIjkgKA=/docs/pxwaAIjkgKA8AAAAAAAAAA==/","""01003430-0000-0800-0000-696d72840000""","attachments/","1768780420"
"5d57344c-8352-4d66-af7a-6dfdb98c290a","5d57344c-8352-4d66-af7a-6dfdb98c290a","47","399330","Confirmed","2025-09-01T12:49:00+00:00","2025-09-25","2025-09-27","2","24","2","0","0","90","36.7","216.7","AUD","IND","Mumbai","web","Android",,,"2026-01-18T23:53:40.133483+00:00","pxwaAIjkgKA9AAAAAAAAAA==","dbs/pxwaAA==/colls/pxwaAIjkgKA=/docs/pxwaAIjkgKA9AAAAAAAAAA==/","""01003530-0000-0800-0000-696d72840000""","attachments/","1768780420"
"99e93989-d0aa-45ae-914c-f1ceb8f04f28","99e93989-d0aa-45ae-914c-f1ceb8f04f28","47","918317","Confirmed","2025-07-04T13:01:00+00:00","2025-07-31","2025-08-07","7","27","1","0","0","216.9","46.25","1564.55","INR","USA","New York","app","Android",,,"2026-01-18T23:53:40.241963+00:00","pxwaAIjkgKA+AAAAAAAAAA==","dbs/pxwaAA==/colls/pxwaAIjkgKA=/docs/pxwaAIjkgKA+AAAAAAAAAA==/","""01003630-0000-0800-0000-696d72840000""","attachments/","1768780420"
"d60bad79-165e-4560-8399-7862b60c18bd","d60bad79-165e-4560-8399-7862b60c18bd","26","183112","Confirmed","2025-03-12T18:52:00+00:00","2025-04-04","2025-04-07","3","23","2","0","0","137.82","68.03","481.49","INR","AUS","Sydney","partner","iOS",,,"2026-01-18T23:53:40.348221+00:00","pxwaAIjkgKA-AAAAAAAAAA==","dbs/pxwaAA==/colls/pxwaAIjkgKA=/docs/pxwaAIjkgKA-AAAAAAAAAA==/","""01003730-0000-0800-0000-696d72850000""","attachments/","1768780421"
"6f5a2ab6-06d7-4c7a-b395-c58641e5d15d","6f5a2ab6-06d7-4c7a-b395-c58641e5d15d","98","532195","Confirmed","2025-08-10T17:07:00+00:00","2025-09-05","2025-09-08","3","26","1","0","0","181.9","75.53","621.23","AUD","UK","London","app","Web",,,"2026-01-18T23:53:40.454221+00:00","pxwaAIjkgKBAAAAAAAAAAA==","dbs/pxwaAA==/colls/pxwaAIjkgKA=/docs/pxwaAIjkgKBAAAAAAAAAAA==/","""01003830-0000-0800-0000-696d72850000""","attachments/","1768780421"
"76b6a545-1839-4e55-b3f8-5a322f2e3145","76b6a545-1839-4e55-b3f8-5a322f2e3145","41","236267","Confirmed","2025-06-24T16:01:00+00:00","2025-07-21","2025-07-28","7","27","1","0","0","107.45","30.62","782.77","GBP","IND","Mumbai","web","Android",,,"2026-01-18T23:53:40.560786+00:00","pxwaAIjkgKBBAAAAAAAAAA==","dbs/pxwaAA==/colls/pxwaAIjkgKA=/docs/pxwaAIjkgKBBAAAAAAAAAA==/","""01003930-0000-0800-0000-696d72850000""","attachments/","1768780421"
"3a0056df-fe17-4836-9f7d-9e446e96c888","3a0056df-fe17-4836-9f7d-9e446e96c888","69","733872","Confirmed","2025-12-01T16:05:00+00:00","2026-01-04","2026-01-16","12","34","1","0","0","90","76.8","1156.8","EUR","IND","Mumbai","app","Android",,,"2026-01-18T23:53:40.668615+00:00","pxwaAIjkgKBCAAAAAAAAAA==","dbs/pxwaAA==/colls/pxwaAIjkgKA=/docs/pxwaAIjkgKBCAAAAAAAAAA==/","""01003a30-0000-0800-0000-696d72850000""","attachments/","1768780421"
"98501589-bb9b-4eed-89ba-cb7958ba90f0","98501589-bb9b-4eed-89ba-cb7958ba90f0","65","450580","Confirmed","2025-05-11T21:37:00+00:00","2025-06-06","2025-06-13","7","26","1","0","0","206.99","33.8","1482.73","AED","UAE","Dubai","web","iOS",,,"2026-01-18T23:53:40.775114+00:00","pxwaAIjkgKBDAAAAAAAAAA==","dbs/pxwaAA==/colls/pxwaAIjkgKA=/docs/pxwaAIjkgKBDAAAAAAAAAA==/","""01003c30-0000-0800-0000-696d72850000""","attachments/","1768780421"
"e1f6a90c-8500-477d-b26a-432cbaf3c967","e1f6a90c-8500-477d-b26a-432cbaf3c967","56","522195","Confirmed","2025-09-22T21:13:00+00:00","2025-10-26","2025-10-31","5","34","1","0","0","180","59.94","959.94","GBP","USA","New York","web","Android",,,"2026-01-18T23:53:40.882099+00:00","pxwaAIjkgKBEAAAAAAAAAA==","dbs/pxwaAA==/colls/pxwaAIjkgKA=/docs/pxwaAIjkgKBEAAAAAAAAAA==/","""01003d30-0000-0800-0000-696d72850000""","attachments/","1768780421"
"08a8202d-3c44-4e94-98ef-056f28c900a1","08a8202d-3c44-4e94-98ef-056f28c900a1","70","761493","Confirmed","2025-04-08T12:59:00+00:00","2025-04-28","2025-05-03","5","20","1","0","0","160","74.51","874.51","AUD","FRA","Paris","web","Web",,,"2026-01-18T23:53:40.991037+00:00","pxwaAIjkgKBFAAAAAAAAAA==","dbs/pxwaAA==/colls/pxwaAIjkgKA=/docs/pxwaAIjkgKBFAAAAAAAAAA==/","""01003e30-0000-0800-0000-696d72850000""","attachments/","1768780421"
"bb4089eb-2789-414c-be68-c9590865b9a6","bb4089eb-2789-414c-be68-c9590865b9a6","17","968912","Confirmed","2025-08-04T16:06:00+00:00","2025-08-30","2025-08-31","1","26","2","0","0","186.72","77.58","264.3","INR","UAE","Dubai","app","Web",,,"2026-01-18T23:53:41.097098+00:00","pxwaAIjkgKBGAAAAAAAAAA==","dbs/pxwaAA==/colls/pxwaAIjkgKA=/docs/pxwaAIjkgKBGAAAAAAAAAA==/","""01003f30-0000-0800-0000-696d72850000""","attachments/","1768780421"
"a704cbd8-0fae-4b25-84d3-f657ba628290","a704cbd8-0fae-4b25-84d3-f657ba628290","100","712091","Confirmed","2025-12-27T16:02:00+00:00","2026-01-09","2026-01-19","10","13","1","0","1","201.68","49.23","2066.03","EUR","USA","New York","app","Android",,,"2026-01-18T23:53:41.202803+00:00","pxwaAIjkgKBHAAAAAAAAAA==","dbs/pxwaAA==/colls/pxwaAIjkgKA=/docs/pxwaAIjkgKBHAAAAAAAAAA==/","""01004030-0000-0800-0000-696d72850000""","attachments/","1768780421"
"3c72831b-5737-4b21-b5d5-6185a9a9fb4e","3c72831b-5737-4b21-b5d5-6185a9a9fb4e","10","803575","Confirmed","2025-08-15T07:07:00+00:00","2025-08-27","2025-08-31","4","12","2","0","0","222.12","78.2","966.68","EUR","USA","New York","web","iOS",,,"2026-01-18T23:53:41.312273+00:00","pxwaAIjkgKBIAAAAAAAAAA==","dbs/pxwaAA==/colls/pxwaAIjkgKA=/docs/pxwaAIjkgKBIAAAAAAAAAA==/","""01004130-0000-0800-0000-696d72860000""","attachments/","1768780422"
"df476fd6-21b3-4270-87f2-1f89b51c95e8","df476fd6-21b3-4270-87f2-1f89b51c95e8","61","920717","Confirmed","2025-12-06T12:15:00+00:00","2025-12-27","2026-01-01","5","21","1","0","0","175.77","66.83","945.68","USD","AUS","Sydney","partner","Android",,,"2026-01-18T23:53:41.418275+00:00","pxwaAIjkgKBJAAAAAAAAAA==","dbs/pxwaAA==/colls/pxwaAIjkgKA=/docs/pxwaAIjkgKBJAAAAAAAAAA==/","""01004230-0000-0800-0000-696d72860000""","attachments/","1768780422"
"7bcef0a1-77c5-4189-b93e-82896c1738b5","7bcef0a1-77c5-4189-b93e-82896c1738b5","89","650002","Confirmed","2025-05-06T06:31:00+00:00","2025-06-04","2025-06-14","10","29","1","1","0","178.32","43.03","1826.23","INR","JPN","Tokyo","web","Android",,,"2026-01-18T23:53:41.527091+00:00","pxwaAIjkgKBKAAAAAAAAAA==","dbs/pxwaAA==/colls/pxwaAIjkgKA=/docs/pxwaAIjkgKBKAAAAAAAAAA==/","""01004330-0000-0800-0000-696d72860000""","attachments/","1768780422"
"277f45b6-1945-4d41-bbee-bbfc203d5f79","277f45b6-1945-4d41-bbee-bbfc203d5f79","81","277285","Confirmed","2025-12-14T06:01:00+00:00","2026-01-03","2026-01-12","9","20","1","1","0","100.11","71.59","972.58","AUD","IND","Mumbai","app","Android",,,"2026-01-18T23:53:41.638280+00:00","pxwaAIjkgKBLAAAAAAAAAA==","dbs/pxwaAA==/colls/pxwaAIjkgKA=/docs/pxwaAIjkgKBLAAAAAAAAAA==/","""01004430-0000-0800-0000-696d72860000""","attachments/","1768780422"
"62f0e33a-0fcb-43d0-8811-336d025e39a1","62f0e33a-0fcb-43d0-8811-336d025e39a1","100","644225","Confirmed","2025-07-25T12:03:00+00:00","2025-08-22","2025-08-26","4","28","1","0","0","168.15","58.9","731.5","EUR","JPN","Tokyo","partner","iOS",,,"2026-01-18T23:53:41.743822+00:00","pxwaAIjkgKBMAAAAAAAAAA==","dbs/pxwaAA==/colls/pxwaAIjkgKA=/docs/pxwaAIjkgKBMAAAAAAAAAA==/","""01004630-0000-0800-0000-696d72860000""","attachments/","1768780422"
"28313198-cd18-46fd-bbab-661bf1e06bf5","28313198-cd18-46fd-bbab-661bf1e06bf5","89","254464","Confirmed","2025-04-04T22:31:00+00:00","2025-04-21","2025-04-23","2","17","1","0","0","140","50.06","330.06","EUR","JPN","Tokyo","app","Web",,,"2026-01-18T23:53:41.849469+00:00","pxwaAIjkgKBNAAAAAAAAAA==","dbs/pxwaAA==/colls/pxwaAIjkgKA=/docs/pxwaAIjkgKBNAAAAAAAAAA==/","""01004830-0000-0800-0000-696d72860000""","attachments/","1768780422"
"4110a990-6d69-4cf0-af0a-d0fdd2c37410","4110a990-6d69-4cf0-af0a-d0fdd2c37410","95","805421","Confirmed","2025-10-10T10:40:00+00:00","2025-11-06","2025-11-12","6","27","1","0","0","170","24.66","1044.66","AUD","UK","London","app","iOS",,,"2026-01-18T23:53:41.956499+00:00","pxwaAIjkgKBOAAAAAAAAAA==","dbs/pxwaAA==/colls/pxwaAIjkgKA=/docs/pxwaAIjkgKBOAAAAAAAAAA==/","""01004930-0000-0800-0000-696d72860000""","attachments/","1768780422"
"5cca7af0-f749-4eec-8abc-934be94fb9a5","5cca7af0-f749-4eec-8abc-934be94fb9a5","78","230133","Confirmed","2025-12-26T20:11:00+00:00","2026-01-25","2026-02-02","8","30","1","1","0","180","55.81","1495.81","AED","USA","New York","app","Web",,,"2026-01-18T23:53:42.063189+00:00","pxwaAIjkgKBPAAAAAAAAAA==","dbs/pxwaAA==/colls/pxwaAIjkgKA=/docs/pxwaAIjkgKBPAAAAAAAAAA==/","""01004b30-0000-0800-0000-696d72860000""","attachments/","1768780422"
"ba349b74-8657-4850-8e2e-ac9c4e782e18","ba349b74-8657-4850-8e2e-ac9c4e782e18","99","858958","Confirmed","2025-08-07T20:17:00+00:00","2025-08-29","2025-09-06","8","22","2","1","0","211.21","79.43","1769.11","AUD","UK","London","partner","Web",,,"2026-01-18T23:53:42.168340+00:00","pxwaAIjkgKBQAAAAAAAAAA==","dbs/pxwaAA==/colls/pxwaAIjkgKA=/docs/pxwaAIjkgKBQAAAAAAAAAA==/","""01004c30-0000-0800-0000-696d72860000""","attachments/","1768780422"
"93226776-ae07-4215-b26d-5747460ebafe","93226776-ae07-4215-b26d-5747460ebafe","41","924405","Confirmed","2025-12-20T16:37:00+00:00","2026-01-17","2026-01-24","7","28","2","0","0","160.97","42.77","1169.56","GBP","JPN","Tokyo","app","Web",,,"2026-01-18T23:53:42.274128+00:00","pxwaAIjkgKBRAAAAAAAAAA==","dbs/pxwaAA==/colls/pxwaAIjkgKA=/docs/pxwaAIjkgKBRAAAAAAAAAA==/","""01004d30-0000-0800-0000-696d72860000""","attachments/","1768780422"
"640dceac-6f57-4521-82db-b92fac764b90","640dceac-6f57-4521-82db-b92fac764b90","44","545990","Confirmed","2025-02-20T17:47:00+00:00","2025-03-16","2025-03-21","5","24","1","1","0","140","38.22","738.22","INR","JPN","Tokyo","web","Android",,,"2026-01-18T23:53:42.382127+00:00","pxwaAIjkgKBSAAAAAAAAAA==","dbs/pxwaAA==/colls/pxwaAIjkgKA=/docs/pxwaAIjkgKBSAAAAAAAAAA==/","""01004f30-0000-0800-0000-696d72870000""","attachments/","1768780423"
"41a0601e-233b-4d2a-ae5b-b7009e11025f","41a0601e-233b-4d2a-ae5b-b7009e11025f","34","527842","Confirmed","2025-08-10T22:32:00+00:00","2025-09-07","2025-09-10","3","28","1","0","0","150","37","487","INR","UAE","Dubai","app","Web",,,"2026-01-18T23:53:42.489330+00:00","pxwaAIjkgKBTAAAAAAAAAA==","dbs/pxwaAA==/colls/pxwaAIjkgKA=/docs/pxwaAIjkgKBTAAAAAAAAAA==/","""01005030-0000-0800-0000-696d72870000""","attachments/","1768780423"
"17d76fb2-146f-4c6d-8d58-d9941ac8f527","17d76fb2-146f-4c6d-8d58-d9941ac8f527","17","507448","Confirmed","2025-06-05T20:58:00+00:00","2025-07-07","2025-07-14","7","32","2","0","0","175.88","67.63","1298.79","GBP","JPN","Tokyo","web","iOS",,,"2026-01-18T23:53:42.594450+00:00","pxwaAIjkgKBUAAAAAAAAAA==","dbs/pxwaAA==/colls/pxwaAIjkgKA=/docs/pxwaAIjkgKBUAAAAAAAAAA==/","""01005130-0000-0800-0000-696d72870000""","attachments/","1768780423"
"124cd7bf-42ff-4373-8881-a9111e28cd2d","124cd7bf-42ff-4373-8881-a9111e28cd2d","100","121873","Confirmed","2025-12-14T09:21:00+00:00","2026-01-14","2026-01-21","7","31","1","0","0","160","27.23","1147.23","USD","FRA","Paris","app","Web",,,"2026-01-18T23:53:42.700917+00:00","pxwaAIjkgKBVAAAAAAAAAA==","dbs/pxwaAA==/colls/pxwaAIjkgKA=/docs/pxwaAIjkgKBVAAAAAAAAAA==/","""01005230-0000-0800-0000-696d72870000""","attachments/","1768780423"
"2d459f6e-e04f-41b2-a22b-d315c3cd3d0d","2d459f6e-e04f-41b2-a22b-d315c3cd3d0d","67","571090","Confirmed","2025-10-27T09:10:00+00:00","2025-11-26","2025-11-30","4","30","2","0","0","150","53.04","653.04","AUD","UAE","Dubai","web","iOS",,,"2026-01-18T23:53:42.807277+00:00","pxwaAIjkgKBWAAAAAAAAAA==","dbs/pxwaAA==/colls/pxwaAIjkgKA=/docs/pxwaAIjkgKBWAAAAAAAAAA==/","""01005330-0000-0800-0000-696d72870000""","attachments/","1768780423"
"803f7a15-73ca-4474-bc75-22ab767df136","803f7a15-73ca-4474-bc75-22ab767df136","24","336982","Confirmed","2025-12-12T15:44:00+00:00","2026-01-06","2026-01-14","8","25","1","1","0","150","60.56","1260.56","GBP","UAE","Dubai","app","iOS",,,"2026-01-18T23:53:42.914281+00:00","pxwaAIjkgKBXAAAAAAAAAA==","dbs/pxwaAA==/colls/pxwaAIjkgKA=/docs/pxwaAIjkgKBXAAAAAAAAAA==/","""01005430-0000-0800-0000-696d72870000""","attachments/","1768780423"
"61605fbb-78ce-431f-bec0-fda20164819b","61605fbb-78ce-431f-bec0-fda20164819b","32","877924","Confirmed","2025-08-27T11:40:00+00:00","2025-09-09","2025-09-21","12","13","2","0","0","170","77.38","2117.38","EUR","UK","London","app","Android",,,"2026-01-18T23:53:43.021052+00:00","pxwaAIjkgKBYAAAAAAAAAA==","dbs/pxwaAA==/colls/pxwaAIjkgKA=/docs/pxwaAIjkgKBYAAAAAAAAAA==/","""01005530-0000-0800-0000-696d72870000""","attachments/","1768780423"
"99180959-fdd3-45fe-ad0e-d362327cffe3","99180959-fdd3-45fe-ad0e-d362327cffe3","47","372762","Confirmed","2025-07-13T07:24:00+00:00","2025-07-25","2025-07-27","2","12","1","1","0","123.77","33.96","281.5","JPY","IND","Mumbai","app","iOS",,,"2026-01-18T23:53:43.127051+00:00","pxwaAIjkgKBZAAAAAAAAAA==","dbs/pxwaAA==/colls/pxwaAIjkgKA=/docs/pxwaAIjkgKBZAAAAAAAAAA==/","""01005630-0000-0800-0000-696d72870000""","attachments/","1768780423"
"0863f152-1994-4d63-a6ff-37f3db7373b7","0863f152-1994-4d63-a6ff-37f3db7373b7","92","355080","Confirmed","2025-08-12T15:09:00+00:00","2025-09-04","2025-09-07","3","23","2","0","0","160","36.63","516.63","USD","FRA","Paris","app","iOS",,,"2026-01-18T23:53:43.231840+00:00","pxwaAIjkgKBaAAAAAAAAAA==","dbs/pxwaAA==/colls/pxwaAIjkgKA=/docs/pxwaAIjkgKBaAAAAAAAAAA==/","""01005730-0000-0800-0000-696d72870000""","attachments/","1768780423"
"34d02ea8-07d3-4527-8665-833c7e927cd6","34d02ea8-07d3-4527-8665-833c7e927cd6","68","438643","Confirmed","2025-06-06T07:53:00+00:00","2025-07-09","2025-07-19","10","33","2","0","0","116.84","52.71","1221.11","EUR","IND","Mumbai","app","Web",,,"2026-01-18T23:53:43.337268+00:00","pxwaAIjkgKBbAAAAAAAAAA==","dbs/pxwaAA==/colls/pxwaAIjkgKA=/docs/pxwaAIjkgKBbAAAAAAAAAA==/","""01005830-0000-0800-0000-696d72880000""","attachments/","1768780424"
"0504e609-dfb7-47c9-a9d5-f8ae9b4a4877","0504e609-dfb7-47c9-a9d5-f8ae9b4a4877","44","586825","Confirmed","2025-07-10T22:51:00+00:00","2025-08-11","2025-08-13","2","32","1","1","0","159.88","68.67","388.43","EUR","JPN","Tokyo","web","iOS",,,"2026-01-18T23:53:43.444226+00:00","pxwaAIjkgKBcAAAAAAAAAA==","dbs/pxwaAA==/colls/pxwaAIjkgKA=/docs/pxwaAIjkgKBcAAAAAAAAAA==/","""01005930-0000-0800-0000-696d72880000""","attachments/","1768780424"
"6bdd2501-f1b7-4ab8-adc5-aae39afc50c1","6bdd2501-f1b7-4ab8-adc5-aae39afc50c1","40","706516","Confirmed","2025-02-05T09:47:00+00:00","2025-03-01","2025-03-09","8","24","1","0","0","165.36","51.64","1374.52","INR","UAE","Dubai","web","iOS",,,"2026-01-18T23:53:43.551229+00:00","pxwaAIjkgKBdAAAAAAAAAA==","dbs/pxwaAA==/colls/pxwaAIjkgKA=/docs/pxwaAIjkgKBdAAAAAAAAAA==/","""01005a30-0000-0800-0000-696d72880000""","attachments/","1768780424"
"4fa3ca57-c721-4eba-8ab5-302178936c72","4fa3ca57-c721-4eba-8ab5-302178936c72","72","973955","Confirmed","2025-04-17T06:45:00+00:00","2025-05-25","2025-06-01","7","38","2","0","0","130","43.97","953.97","AED","AUS","Sydney","app","Android",,,"2026-01-18T23:53:43.657148+00:00","pxwaAIjkgKBeAAAAAAAAAA==","dbs/pxwaAA==/colls/pxwaAIjkgKA=/docs/pxwaAIjkgKBeAAAAAAAAAA==/","""01005b30-0000-0800-0000-696d72880000""","attachments/","1768780424"
"5e2747c0-1e80-4028-b00c-e25f9c8b74de","5e2747c0-1e80-4028-b00c-e25f9c8b74de","55","229456","Confirmed","2025-08-18T12:54:00+00:00","2025-09-12","2025-09-15","3","25","2","0","0","178.46","76.39","611.77","JPY","FRA","Paris","app","iOS",,,"2026-01-18T23:53:43.762776+00:00","pxwaAIjkgKBfAAAAAAAAAA==","dbs/pxwaAA==/colls/pxwaAIjkgKA=/docs/pxwaAIjkgKBfAAAAAAAAAA==/","""01005c30-0000-0800-0000-696d72880000""","attachments/","1768780424"
"28dd0c96-ed78-4cb3-844a-174f134f1bc2","28dd0c96-ed78-4cb3-844a-174f134f1bc2","93","142805","Confirmed","2025-08-20T13:57:00+00:00","2025-09-27","2025-09-30","3","38","2","1","0","143.5","33.72","464.22","EUR","AUS","Sydney","web","iOS",,,"2026-01-18T23:53:43.870294+00:00","pxwaAIjkgKBgAAAAAAAAAA==","dbs/pxwaAA==/colls/pxwaAIjkgKA=/docs/pxwaAIjkgKBgAAAAAAAAAA==/","""01005e30-0000-0800-0000-696d72880000""","attachments/","1768780424"
"fc8c0f76-7026-4bba-9834-ac3ca3ed5d72","fc8c0f76-7026-4bba-9834-ac3ca3ed5d72","35","531396","Confirmed","2025-08-21T22:23:00+00:00","2025-09-11","2025-09-14","3","21","2","1","0","130","50.69","440.69","AED","AUS","Sydney","web","Android",,,"2026-01-18T23:53:43.979220+00:00","pxwaAIjkgKBhAAAAAAAAAA==","dbs/pxwaAA==/colls/pxwaAIjkgKA=/docs/pxwaAIjkgKBhAAAAAAAAAA==/","""01006030-0000-0800-0000-696d72880000""","attachments/","1768780424"
"db5ae35c-7ea8-4063-8f02-59a20d88b8ae","db5ae35c-7ea8-4063-8f02-59a20d88b8ae","69","954309","Confirmed","2025-07-15T09:01:00+00:00","2025-07-29","2025-08-01","3","14","1","0","0","101.84","37.47","342.99","USD","IND","Mumbai","app","Android",,,"2026-01-18T23:53:44.085401+00:00","pxwaAIjkgKBiAAAAAAAAAA==","dbs/pxwaAA==/colls/pxwaAIjkgKA=/docs/pxwaAIjkgKBiAAAAAAAAAA==/","""01006130-0000-0800-0000-696d72880000""","attachments/","1768780424"
"583a5e1e-0d7d-440c-947e-91794707b870","583a5e1e-0d7d-440c-947e-91794707b870","92","924756","Confirmed","2025-07-13T06:51:00+00:00","2025-08-22","2025-08-28","6","40","2","1","0","199.71","69.59","1267.85","GBP","UAE","Dubai","app","iOS",,,"2026-01-18T23:53:44.191353+00:00","pxwaAIjkgKBjAAAAAAAAAA==","dbs/pxwaAA==/colls/pxwaAIjkgKA=/docs/pxwaAIjkgKBjAAAAAAAAAA==/","""01006230-0000-0800-0000-696d72880000""","attachments/","1768780424"
"de6516d2-c755-475b-82f9-2de76c867069","de6516d2-c755-475b-82f9-2de76c867069","41","789575","Confirmed","2025-03-16T20:17:00+00:00","2025-04-14","2025-04-18","4","29","2","1","0","160","43.39","683.39","AED","FRA","Paris","app","Web",,,"2026-01-18T23:53:44.298482+00:00","pxwaAIjkgKBkAAAAAAAAAA==","dbs/pxwaAA==/colls/pxwaAIjkgKA=/docs/pxwaAIjkgKBkAAAAAAAAAA==/","""01006330-0000-0800-0000-696d72880000""","attachments/","1768780424"